date,precipitation,temp_max,temp_min,wind,weather
02-01-2012,44.9,39.6,21.3,3.9,rainy
03-01-2012,114.1,31.1,29.6,9.2,rainy
04-01-2012,87.8,35.9,25.3,15.1,rainy
05-01-2012,71.8,31.9,22.4,16.0,rainy
06-01-2012,18.7,37.3,25.0,4.1,cloudy
07-01-2012,18.7,29.6,26.8,2.0,cloudy
08-01-2012,7.0,39.6,20.8,14.8,cloudy
09-01-2012,103.9,33.4,22.7,8.4,rainy
10-01-2012,72.1,30.8,28.1,6.6,rainy
11-01-2012,85.0,28.9,24.6,2.2,rainy
12-01-2012,2.5,30.0,25.5,11.7,sunny
13-01-2012,116.4,34.2,24.3,17.3,rainy
21-01-2012,99.9,32.0,20.4,19.2,rainy
22-01-2012,25.5,37.9,21.7,12.2,cloudy
23-01-2012,21.8,33.2,24.5,11.3,cloudy
24-01-2012,22.0,31.0,22.1,3.5,cloudy
25-01-2012,36.5,35.4,20.5,11.9,rainy
26-01-2012,63.0,36.5,28.4,8.8,rainy
28-01-2012,51.8,30.0,29.8,12.9,rainy
29-01-2012,34.9,30.0,27.9,9.0,cloudy
30-01-2012,73.4,28.4,28.5,6.3,rainy
31-01-2012,16.7,36.8,22.4,3.7,cloudy
01-02-2012,35.1,36.0,29.6,7.7,rainy
02-02-2012,44.0,33.7,22.0,3.7,rainy
03-02-2012,54.7,38.1,29.5,5.2,rainy
04-02-2012,94.2,37.7,29.9,19.8,rainy
05-02-2012,24.0,35.0,27.1,10.0,cloudy
06-02-2012,61.7,38.4,29.8,11.6,rainy
07-02-2012,71.1,30.5,25.7,17.7,rainy
08-02-2012,5.6,29.3,22.6,19.9,cloudy
09-02-2012,72.9,31.2,24.4,12.5,rainy
10-02-2012,20.5,28.7,25.9,16.6,cloudy
11-02-2012,7.8,34.4,20.7,7.9,cloudy
12-02-2012,113.9,39.2,26.2,7.5,rainy
13-02-2012,115.9,28.5,29.8,9.2,rainy
14-02-2012,97.0,29.5,21.9,14.1,rainy
16-02-2012,36.6,33.4,27.9,14.3,rainy
17-02-2012,11.7,39.2,29.1,7.7,cloudy
18-02-2012,82.1,31.8,29.4,4.4,rainy
19-02-2012,52.8,34.1,29.6,13.4,rainy
20-02-2012,14.6,28.5,25.2,4.3,cloudy
21-02-2012,59.4,29.8,29.8,12.4,rainy
22-02-2012,4.1,39.8,27.6,14.5,sunny
23-02-2012,109.1,39.6,21.6,14.6,rainy
24-02-2012,31.1,28.1,24.8,15.6,cloudy
25-02-2012,79.5,39.4,27.2,17.7,rainy
27-02-2012,37.4,35.7,22.5,11.0,rainy
01-03-2012,62.4,38.4,26.4,15.1,rainy
02-03-2012,65.6,33.5,26.7,13.1,rainy
03-03-2012,22.2,34.2,21.6,5.4,cloudy
04-03-2012,116.4,33.9,25.7,2.5,rainy
05-03-2012,93.0,36.0,27.7,7.1,rainy
07-03-2012,112.7,29.7,25.0,10.0,rainy
08-03-2012,107.4,28.4,20.1,13.1,rainy
09-03-2012,71.7,31.7,20.1,17.3,rainy
10-03-2012,110.6,36.5,23.6,5.5,rainy
11-03-2012,10.6,30.4,29.3,4.3,cloudy
14-03-2012,23.5,36.1,22.3,19.3,cloudy
16-03-2012,5.4,39.6,26.3,3.9,cloudy
18-03-2012,39.0,29.1,22.2,10.6,rainy
19-03-2012,46.6,36.1,23.2,12.5,rainy
20-03-2012,32.6,33.3,28.5,11.7,cloudy
21-03-2012,99.4,38.4,27.3,3.5,rainy
22-03-2012,42.8,30.1,21.0,3.0,rainy
23-03-2012,33.7,36.3,24.3,3.9,cloudy
24-03-2012,65.1,38.1,20.3,12.5,rainy
25-03-2012,16.9,39.3,24.8,11.8,cloudy
27-03-2012,96.3,36.2,26.6,6.2,rainy
28-03-2012,8.9,34.0,21.2,13.5,cloudy
29-03-2012,118.4,35.4,22.9,16.8,rainy
30-03-2012,92.7,38.4,24.0,2.7,rainy
31-03-2012,23.8,34.8,29.2,11.0,cloudy
01-04-2012,0.7,28.4,29.9,14.4,sunny
02-04-2012,97.9,39.2,20.4,6.5,rainy
03-04-2012,84.8,36.3,27.6,7.5,rainy
04-04-2012,87.5,36.1,23.7,13.0,rainy
06-04-2012,92.6,30.6,23.9,18.2,rainy
07-04-2012,8.9,35.9,27.5,16.6,cloudy
08-04-2012,43.0,32.7,29.2,12.5,rainy
09-04-2012,13.9,35.8,29.5,15.1,cloudy
10-04-2012,103.6,29.3,25.8,8.6,rainy
11-04-2012,74.8,35.9,23.6,13.5,rainy
12-04-2012,39.7,40.0,27.9,10.4,rainy
14-04-2012,7.6,28.6,22.5,5.4,cloudy
15-04-2012,37.3,39.7,25.6,14.6,rainy
16-04-2012,39.0,32.9,23.6,12.0,rainy
17-04-2012,87.6,38.4,26.6,8.5,rainy
18-04-2012,76.5,37.4,22.4,18.4,rainy
19-04-2012,106.5,34.8,21.9,2.4,rainy
20-04-2012,56.7,36.9,29.2,7.7,rainy
21-04-2012,14.4,38.5,21.0,3.0,cloudy
22-04-2012,85.6,32.8,25.1,15.8,rainy
23-04-2012,91.3,31.9,22.2,14.6,rainy
24-04-2012,67.4,36.0,20.4,8.0,rainy
25-04-2012,92.5,37.7,20.4,14.2,rainy
26-04-2012,59.3,37.1,21.8,9.1,rainy
27-04-2012,62.7,37.6,28.7,15.6,rainy
29-04-2012,51.3,33.2,22.8,10.2,rainy
30-04-2012,3.1,37.8,29.5,9.4,sunny
01-05-2012,12.9,29.4,25.8,18.8,cloudy
02-05-2012,3.8,34.5,24.4,6.5,sunny
03-05-2012,76.4,28.1,25.8,4.2,rainy
04-05-2012,37.7,31.9,25.2,12.5,rainy
05-05-2012,61.0,32.4,27.6,19.4,rainy
06-05-2012,108.9,32.8,22.8,8.8,rainy
07-05-2012,29.9,36.3,23.5,3.1,cloudy
08-05-2012,49.2,32.7,28.9,8.1,rainy
09-05-2012,90.7,33.4,29.5,11.1,rainy
10-05-2012,27.5,30.9,28.9,4.9,cloudy
11-05-2012,9.2,32.5,24.2,13.8,cloudy
12-05-2012,34.8,30.7,27.8,20.0,cloudy
13-05-2012,19.3,28.9,24.8,10.1,cloudy
14-05-2012,111.6,35.2,25.0,8.4,rainy
16-05-2012,97.0,36.0,22.0,9.2,rainy
17-05-2012,76.0,35.4,25.9,4.1,rainy
18-05-2012,104.6,33.6,21.9,17.9,rainy
19-05-2012,96.4,32.6,23.3,9.5,rainy
20-05-2012,22.4,38.4,28.6,9.0,cloudy
21-05-2012,107.1,34.2,22.1,13.9,rainy
22-05-2012,64.7,33.8,20.7,10.0,rainy
23-05-2012,96.9,28.3,20.7,13.7,rainy
24-05-2012,107.5,32.1,29.4,3.1,rainy
25-05-2012,38.2,32.6,25.1,16.6,rainy
26-05-2012,13.2,32.8,24.1,18.9,cloudy
27-05-2012,27.4,35.0,28.1,13.7,cloudy
28-05-2012,51.3,34.4,28.4,19.2,rainy
29-05-2012,98.2,35.3,23.3,4.7,rainy
30-05-2012,103.3,37.2,26.9,10.6,rainy
31-05-2012,0.8,37.8,27.7,12.8,sunny
01-06-2012,61.3,36.6,26.5,12.5,rainy
02-06-2012,50.1,39.5,21.5,9.2,rainy
03-06-2012,26.7,28.2,28.8,8.1,cloudy
04-06-2012,14.4,30.3,25.4,4.3,cloudy
05-06-2012,40.5,28.1,22.8,9.1,rainy
06-06-2012,113.1,35.8,24.3,4.9,rainy
07-06-2012,38.8,38.8,20.4,15.2,rainy
08-06-2012,62.3,30.9,21.3,5.8,rainy
09-06-2012,84.4,39.1,27.7,3.1,rainy
10-06-2012,43.6,28.7,20.0,11.9,rainy
11-06-2012,116.6,39.2,24.2,12.7,rainy
12-06-2012,115.5,32.2,25.2,17.7,rainy
13-06-2012,30.2,29.2,20.5,12.4,cloudy
14-06-2012,59.7,33.8,29.7,8.2,rainy
15-06-2012,36.1,31.1,22.3,16.5,rainy
16-06-2012,34.2,31.4,23.0,11.7,cloudy
17-06-2012,4.4,31.7,23.0,3.4,sunny
18-06-2012,73.1,37.6,22.3,12.2,rainy
19-06-2012,60.3,34.5,20.0,18.3,rainy
20-06-2012,6.2,31.7,27.3,9.1,cloudy
21-06-2012,33.4,35.3,29.7,7.3,cloudy
22-06-2012,109.0,36.6,22.2,4.6,rainy
23-06-2012,28.7,31.3,26.6,4.7,cloudy
25-06-2012,17.4,33.0,27.4,9.8,cloudy
26-06-2012,58.7,29.5,28.5,12.7,rainy
27-06-2012,118.3,30.2,24.2,3.5,rainy
28-06-2012,29.0,36.2,23.0,18.9,cloudy
29-06-2012,80.7,30.2,23.3,15.6,rainy
30-06-2012,91.4,34.3,27.1,12.6,rainy
01-07-2012,28.5,36.5,28.2,16.9,cloudy
02-07-2012,87.4,29.3,21.8,3.4,rainy
03-07-2012,44.1,34.8,23.7,10.6,rainy
04-07-2012,75.9,31.1,29.0,13.3,rainy
06-07-2012,76.0,39.6,28.1,16.9,rainy
07-07-2012,64.3,33.8,29.8,16.1,rainy
08-07-2012,10.8,37.7,27.5,7.0,cloudy
09-07-2012,100.2,34.6,23.9,18.9,rainy
11-07-2012,38.5,28.5,25.9,4.2,rainy
13-07-2012,22.4,35.6,26.6,17.8,cloudy
14-07-2012,4.9,39.4,20.8,19.5,sunny
15-07-2012,70.9,35.2,25.4,5.2,rainy
16-07-2012,81.3,37.8,27.1,15.0,rainy
17-07-2012,2.0,38.6,21.7,2.7,sunny
18-07-2012,61.5,30.7,27.8,9.3,rainy
19-07-2012,27.2,30.5,25.8,11.3,cloudy
20-07-2012,77.4,35.3,29.5,12.5,rainy
21-07-2012,20.9,32.9,20.4,18.8,cloudy
22-07-2012,82.9,38.1,22.7,14.1,rainy
23-07-2012,46.4,38.8,26.0,10.7,rainy
24-07-2012,112.4,32.2,23.0,16.6,rainy
25-07-2012,16.5,30.8,27.1,19.1,cloudy
29-07-2012,40.9,37.4,27.6,2.4,rainy
30-07-2012,13.6,31.3,21.0,19.7,cloudy
31-07-2012,111.0,37.9,25.1,3.6,rainy
02-08-2012,105.3,33.1,25.1,16.7,rainy
03-08-2012,31.0,36.0,23.7,7.0,cloudy
04-08-2012,79.2,29.1,29.3,4.4,rainy
05-08-2012,98.1,35.5,28.3,9.9,rainy
06-08-2012,66.6,33.4,27.0,13.6,rainy
08-08-2012,63.6,35.0,27.1,8.9,rainy
10-08-2012,29.0,30.0,24.6,3.0,cloudy
11-08-2012,11.2,36.8,29.2,12.8,cloudy
12-08-2012,107.7,38.4,26.9,18.2,rainy
13-08-2012,108.1,30.6,27.3,8.9,rainy
14-08-2012,76.0,29.1,28.6,5.9,rainy
15-08-2012,40.7,28.3,22.7,10.0,rainy
16-08-2012,41.9,35.7,28.1,2.9,rainy
17-08-2012,87.1,35.3,22.0,16.8,rainy
20-08-2012,107.7,34.6,23.5,16.9,rainy
21-08-2012,106.5,30.8,23.4,12.6,rainy
22-08-2012,93.6,32.7,29.8,8.4,rainy
23-08-2012,77.0,35.1,28.6,16.4,rainy
24-08-2012,10.1,34.0,27.0,12.0,cloudy
25-08-2012,19.4,39.9,27.3,16.9,cloudy
26-08-2012,107.8,29.6,25.6,13.4,rainy
27-08-2012,72.8,36.3,29.5,16.1,rainy
28-08-2012,1.1,32.9,25.0,12.8,sunny
29-08-2012,12.2,33.1,23.8,9.5,cloudy
30-08-2012,79.6,36.6,21.6,19.2,rainy
31-08-2012,0.6,36.3,27.9,11.7,sunny
01-09-2012,19.3,39.9,27.3,12.9,cloudy
02-09-2012,65.8,29.5,23.8,6.0,rainy
03-09-2012,83.0,29.2,20.3,13.3,rainy
04-09-2012,78.2,36.7,28.4,12.3,rainy
05-09-2012,26.9,34.9,20.1,5.3,cloudy
06-09-2012,85.5,31.3,27.0,3.1,rainy
07-09-2012,28.5,29.0,29.7,12.9,cloudy
08-09-2012,39.0,29.0,24.4,15.7,rainy
09-09-2012,89.6,38.7,22.3,11.4,rainy
10-09-2012,78.0,30.3,27.0,6.1,rainy
11-09-2012,101.9,31.9,28.2,14.0,rainy
12-09-2012,78.9,30.7,25.5,3.4,rainy
13-09-2012,68.2,32.3,29.7,10.0,rainy
14-09-2012,11.2,28.8,20.5,4.9,cloudy
15-09-2012,44.1,34.2,25.0,5.3,rainy
16-09-2012,31.8,28.8,27.2,5.6,cloudy
17-09-2012,29.3,37.6,28.6,9.0,cloudy
18-09-2012,116.8,30.8,21.8,2.9,rainy
22-09-2012,47.2,34.5,28.0,9.2,rainy
23-09-2012,107.0,38.6,25.5,11.2,rainy
24-09-2012,75.7,35.8,24.0,10.7,rainy
25-09-2012,95.4,34.4,21.3,8.9,rainy
28-09-2012,60.3,31.9,28.7,17.1,rainy
29-09-2012,69.2,32.0,21.6,4.6,rainy
30-09-2012,59.1,36.0,23.1,11.1,rainy
01-10-2012,23.4,39.9,22.9,3.1,cloudy
02-10-2012,86.7,35.9,28.7,3.3,rainy
03-10-2012,33.7,34.7,26.7,12.3,cloudy
04-10-2012,2.9,36.8,28.0,12.2,sunny
05-10-2012,77.5,33.6,22.5,17.8,rainy
06-10-2012,21.3,28.7,26.2,12.0,cloudy
07-10-2012,112.9,34.7,25.7,19.3,rainy
08-10-2012,114.5,39.5,28.3,2.9,rainy
12-10-2012,109.8,30.1,29.1,3.8,rainy
13-10-2012,44.4,36.3,20.1,2.8,rainy
14-10-2012,1.9,30.4,26.7,5.3,sunny
15-10-2012,111.4,34.4,20.5,11.7,rainy
16-10-2012,51.4,29.2,25.5,13.6,rainy
17-10-2012,116.0,33.4,22.9,2.8,rainy
18-10-2012,115.6,37.1,23.1,19.0,rainy
19-10-2012,102.4,32.2,23.5,17.2,rainy
20-10-2012,35.3,36.0,26.2,7.3,rainy
21-10-2012,46.2,37.5,23.3,3.4,rainy
22-10-2012,102.1,39.1,27.3,5.1,rainy
23-10-2012,38.0,30.8,24.0,4.3,rainy
24-10-2012,20.3,32.8,20.7,4.2,cloudy
25-10-2012,66.8,29.8,27.8,11.3,rainy
26-10-2012,112.3,39.9,22.9,6.4,rainy
27-10-2012,83.5,39.1,24.3,8.4,rainy
28-10-2012,68.4,34.5,26.9,19.8,rainy
29-10-2012,11.7,38.1,23.3,14.3,cloudy
30-10-2012,73.8,34.3,20.6,19.1,rainy
31-10-2012,118.8,35.5,23.7,4.6,rainy
01-11-2012,16.8,29.1,29.4,8.9,cloudy
02-11-2012,62.2,37.1,26.4,12.0,rainy
03-11-2012,105.3,29.5,26.7,3.4,rainy
04-11-2012,88.9,37.9,26.3,2.1,rainy
05-11-2012,83.6,37.4,22.0,14.1,rainy
06-11-2012,84.3,36.5,24.2,13.6,rainy
07-11-2012,43.1,28.4,27.5,9.4,rainy
08-11-2012,35.2,31.6,21.0,10.8,rainy
09-11-2012,97.1,31.2,22.8,9.5,rainy
10-11-2012,97.2,32.3,22.8,2.4,rainy
11-11-2012,104.0,29.1,24.3,8.0,rainy
12-11-2012,109.6,39.2,29.8,5.2,rainy
13-11-2012,61.4,34.6,20.7,3.8,rainy
14-11-2012,60.2,31.7,25.2,19.2,rainy
16-11-2012,95.8,32.8,21.8,12.8,rainy
17-11-2012,78.0,33.4,29.7,15.1,rainy
18-11-2012,84.2,35.2,21.1,7.7,rainy
19-11-2012,95.5,34.2,24.0,9.1,rainy
20-11-2012,106.8,39.0,27.4,6.3,rainy
21-11-2012,40.6,34.0,27.0,3.7,rainy
22-11-2012,45.1,39.9,24.2,5.2,rainy
23-11-2012,11.3,38.2,23.5,16.4,cloudy
24-11-2012,69.4,30.5,24.0,14.2,rainy
26-11-2012,4.3,39.2,22.6,11.8,sunny
27-11-2012,55.9,29.4,22.1,10.6,rainy
28-11-2012,65.1,37.8,24.8,18.6,rainy
29-11-2012,34.4,32.6,22.7,3.3,cloudy
30-11-2012,70.9,38.5,22.9,7.1,rainy
01-12-2012,3.7,38.4,26.6,8.3,sunny
02-12-2012,4.5,37.7,29.7,16.1,sunny
03-12-2012,98.7,37.5,26.0,19.9,rainy
04-12-2012,43.2,31.7,20.8,6.3,rainy
05-12-2012,15.2,29.0,20.8,17.7,cloudy
06-12-2012,62.7,32.8,29.5,17.0,rainy
07-12-2012,92.4,30.1,23.0,6.0,rainy
08-12-2012,25.9,36.3,20.9,9.2,cloudy
09-12-2012,74.7,32.2,26.0,9.4,rainy
10-12-2012,10.2,39.7,26.2,19.6,cloudy
11-12-2012,6.2,35.7,26.5,5.3,cloudy
12-12-2012,63.8,37.9,22.7,16.4,rainy
13-12-2012,64.9,29.6,20.2,8.0,rainy
14-12-2012,76.5,38.3,29.7,15.2,rainy
17-12-2012,87.1,39.1,22.5,9.6,rainy
20-12-2012,117.1,33.8,26.8,12.4,rainy
21-12-2012,62.0,35.3,27.1,17.0,rainy
22-12-2012,38.8,37.2,26.1,16.5,rainy
23-12-2012,95.4,30.1,23.1,17.6,rainy
24-12-2012,32.5,34.0,22.7,3.1,cloudy
26-12-2012,52.7,32.8,26.0,14.5,rainy
27-12-2012,9.4,29.8,28.7,4.5,cloudy
28-12-2012,3.0,32.4,29.5,9.5,sunny
29-12-2012,115.5,28.8,21.1,11.9,rainy
01-01-2013,100.3,28.3,21.5,9.2,rainy
02-01-2013,83.5,29.6,29.4,11.4,rainy
03-01-2013,49.1,39.6,27.4,19.9,rainy
04-01-2013,20.8,34.6,28.8,4.4,cloudy
05-01-2013,18.8,39.6,22.0,14.2,cloudy
06-01-2013,30.0,33.2,25.9,9.1,cloudy
07-01-2013,65.9,31.7,27.0,4.4,rainy
08-01-2013,85.8,34.1,26.8,4.9,rainy
09-01-2013,79.2,33.3,24.1,19.1,rainy
12-01-2013,33.6,29.3,20.2,17.8,cloudy
13-01-2013,114.6,35.7,25.8,18.3,rainy
14-01-2013,88.5,30.6,22.5,19.8,rainy
15-01-2013,66.5,35.4,24.5,5.7,rainy
23-01-2013,73.4,35.8,29.6,8.4,rainy
24-01-2013,50.4,29.8,24.0,14.0,rainy
25-01-2013,29.7,28.7,28.4,10.7,cloudy
26-01-2013,42.7,37.4,21.9,9.5,rainy
27-01-2013,90.9,33.5,26.7,8.4,rainy
28-01-2013,1.7,28.7,29.8,12.7,sunny
29-01-2013,13.9,39.9,21.0,12.4,cloudy
30-01-2013,5.5,28.7,20.1,4.9,cloudy
31-01-2013,4.9,36.3,24.3,10.5,sunny
01-02-2013,102.7,39.8,20.9,12.0,rainy
03-02-2013,84.4,30.9,27.5,12.3,rainy
04-02-2013,56.9,29.7,29.1,5.8,rainy
05-02-2013,11.7,29.5,24.3,15.4,cloudy
06-02-2013,59.0,31.6,22.6,2.5,rainy
07-02-2013,56.8,29.2,24.3,8.4,rainy
08-02-2013,20.8,36.3,27.2,16.0,cloudy
09-02-2013,52.1,28.7,20.1,12.2,rainy
11-02-2013,47.8,34.1,25.9,6.7,rainy
12-02-2013,73.9,40.0,26.1,14.5,rainy
13-02-2013,76.2,37.8,26.4,12.2,rainy
14-02-2013,5.4,35.4,22.4,16.3,cloudy
16-02-2013,45.0,31.7,27.1,15.2,rainy
17-02-2013,75.1,35.5,20.9,13.0,rainy
18-02-2013,60.4,34.3,22.0,10.8,rainy
19-02-2013,102.8,33.1,28.8,4.4,rainy
20-02-2013,79.0,29.6,27.4,6.7,rainy
21-02-2013,19.6,38.6,20.1,9.5,cloudy
22-02-2013,8.5,33.4,22.5,12.8,cloudy
23-02-2013,77.1,30.3,22.1,11.2,rainy
24-02-2013,3.2,32.4,22.7,7.2,sunny
25-02-2013,70.3,33.0,22.5,2.1,rainy
26-02-2013,112.8,37.9,20.6,10.9,rainy
27-02-2013,69.1,36.8,24.6,7.1,rainy
28-02-2013,46.6,37.2,27.3,15.2,rainy
01-03-2013,77.2,28.1,26.1,2.4,rainy
02-03-2013,55.0,33.0,26.7,12.5,rainy
03-03-2013,65.5,33.8,20.8,18.9,rainy
04-03-2013,113.0,28.2,29.5,5.1,rainy
05-03-2013,46.3,31.1,28.4,10.5,rainy
06-03-2013,115.3,37.1,28.1,3.6,rainy
07-03-2013,108.6,29.6,28.2,13.3,rainy
09-03-2013,23.5,34.4,29.3,11.9,cloudy
10-03-2013,8.3,30.6,25.4,9.3,cloudy
11-03-2013,12.1,28.1,22.0,11.4,cloudy
12-03-2013,2.2,30.9,26.2,18.1,sunny
13-03-2013,11.3,39.7,27.4,5.5,cloudy
14-03-2013,82.0,37.6,27.4,2.4,rainy
15-03-2013,8.5,39.5,25.2,17.5,cloudy
16-03-2013,38.3,33.9,20.7,12.4,rainy
17-03-2013,101.4,29.3,23.7,18.0,rainy
18-03-2013,2.8,34.6,29.2,12.7,sunny
19-03-2013,97.7,33.5,25.8,16.6,rainy
20-03-2013,33.8,38.1,25.4,9.7,cloudy
22-03-2013,14.2,29.2,22.7,15.5,cloudy
23-03-2013,83.6,33.9,23.7,18.4,rainy
24-03-2013,75.5,29.8,29.0,12.3,rainy
25-03-2013,105.3,31.9,26.7,5.3,rainy
26-03-2013,88.2,36.8,27.9,6.8,rainy
27-03-2013,96.4,33.7,24.5,5.6,rainy
28-03-2013,33.8,32.5,26.3,6.4,cloudy
29-03-2013,21.3,32.7,22.5,7.5,cloudy
31-03-2013,90.1,33.5,27.1,12.0,rainy
01-04-2013,96.8,37.4,24.3,12.6,rainy
02-04-2013,118.9,38.7,24.4,9.7,rainy
03-04-2013,49.5,39.5,26.5,13.1,rainy
04-04-2013,44.6,37.4,29.4,3.5,rainy
05-04-2013,93.2,31.8,20.6,3.6,rainy
06-04-2013,40.9,36.3,28.2,5.1,rainy
07-04-2013,111.7,33.3,22.9,11.3,rainy
08-04-2013,103.0,31.1,24.4,5.9,rainy
09-04-2013,51.5,38.1,20.2,7.1,rainy
10-04-2013,90.1,28.5,23.0,9.2,rainy
11-04-2013,90.5,38.8,25.0,16.6,rainy
12-04-2013,12.4,33.5,20.6,2.2,cloudy
13-04-2013,108.3,35.6,24.9,13.7,rainy
14-04-2013,60.6,35.9,29.3,14.0,rainy
15-04-2013,99.2,38.7,21.1,16.4,rainy
16-04-2013,38.4,35.6,27.6,18.8,rainy
18-04-2013,107.5,35.4,24.1,2.4,rainy
19-04-2013,46.7,28.8,26.6,4.8,rainy
20-04-2013,1.3,34.2,22.6,18.0,sunny
21-04-2013,108.6,29.8,21.6,10.3,rainy
22-04-2013,11.0,36.8,21.6,12.2,cloudy
23-04-2013,38.3,34.1,20.7,13.9,rainy
24-04-2013,114.0,36.2,21.9,14.2,rainy
25-04-2013,114.1,28.5,26.6,18.8,rainy
26-04-2013,68.8,29.0,28.8,19.9,rainy
27-04-2013,75.8,36.6,28.1,15.0,rainy
28-04-2013,53.8,28.9,26.9,7.2,rainy
29-04-2013,35.2,28.9,21.1,17.8,rainy
30-04-2013,39.4,28.1,22.9,2.9,rainy
01-05-2013,80.7,39.5,23.1,6.2,rainy
02-05-2013,90.3,36.9,22.5,18.2,rainy
03-05-2013,95.0,32.2,25.2,6.6,rainy
04-05-2013,94.8,31.6,25.4,6.0,rainy
05-05-2013,10.9,32.2,23.6,4.5,cloudy
06-05-2013,59.3,37.3,23.5,17.5,rainy
07-05-2013,6.9,35.9,28.3,11.0,cloudy
08-05-2013,65.9,30.2,27.9,14.1,rainy
09-05-2013,53.0,30.1,23.1,6.3,rainy
10-05-2013,106.5,29.2,29.1,15.6,rainy
11-05-2013,42.1,35.9,29.5,15.7,rainy
12-05-2013,14.0,37.2,23.3,7.6,cloudy
13-05-2013,17.2,31.2,23.5,9.4,cloudy
14-05-2013,91.4,28.3,25.1,5.8,rainy
15-05-2013,74.2,29.0,29.4,19.6,rainy
16-05-2013,12.1,39.6,28.8,13.6,cloudy
17-05-2013,10.1,31.5,21.0,18.8,cloudy
18-05-2013,84.1,37.2,23.9,7.5,rainy
19-05-2013,8.7,35.5,25.5,16.1,cloudy
20-05-2013,98.6,32.6,25.0,15.8,rainy
21-05-2013,84.7,30.5,21.9,14.4,rainy
22-05-2013,9.8,29.5,28.6,19.4,cloudy
23-05-2013,10.2,35.4,26.8,9.1,cloudy
24-05-2013,118.4,37.3,28.4,4.4,rainy
25-05-2013,44.9,35.7,28.6,14.1,rainy
26-05-2013,44.5,34.4,27.5,15.1,rainy
27-05-2013,97.5,28.5,24.4,12.4,rainy
28-05-2013,113.7,39.6,26.1,5.7,rainy
29-05-2013,118.3,37.6,21.6,11.1,rainy
30-05-2013,90.4,31.5,26.7,7.6,rainy
31-05-2013,45.2,39.8,21.8,9.7,rainy
01-06-2013,10.0,35.2,26.9,13.6,cloudy
02-06-2013,93.3,35.0,22.3,15.4,rainy
03-06-2013,67.0,37.0,21.2,6.2,rainy
04-06-2013,50.9,37.7,21.7,9.3,rainy
05-06-2013,108.8,35.9,20.0,6.8,rainy
06-06-2013,13.3,29.5,27.2,5.6,cloudy
07-06-2013,59.1,32.1,27.3,16.1,rainy
08-06-2013,1.4,39.1,25.1,18.4,sunny
09-06-2013,56.2,30.7,21.6,8.7,rainy
10-06-2013,6.8,32.5,20.8,15.5,cloudy
11-06-2013,14.3,33.2,20.2,18.1,cloudy
12-06-2013,14.1,33.3,21.7,17.2,cloudy
13-06-2013,77.9,35.4,28.9,5.3,rainy
14-06-2013,89.5,39.3,22.4,19.2,rainy
15-06-2013,70.0,30.9,23.5,8.8,rainy
16-06-2013,115.5,29.5,21.1,8.1,rainy
17-06-2013,45.0,30.4,22.2,3.1,rainy
18-06-2013,34.3,38.6,25.2,10.8,cloudy
19-06-2013,104.2,35.7,26.1,4.0,rainy
20-06-2013,26.8,31.4,22.5,6.5,cloudy
21-06-2013,115.6,37.8,20.6,7.7,rainy
22-06-2013,1.5,38.3,23.9,16.6,sunny
23-06-2013,116.4,38.2,22.3,17.8,rainy
24-06-2013,5.2,39.0,22.2,7.4,cloudy
25-06-2013,106.9,31.0,29.6,17.5,rainy
26-06-2013,63.3,37.1,26.2,17.4,rainy
27-06-2013,119.2,33.5,25.6,15.8,rainy
28-06-2013,8.9,38.1,24.2,4.6,cloudy
29-06-2013,66.5,36.7,24.3,14.4,rainy
30-06-2013,116.3,37.3,25.4,19.0,rainy
01-07-2013,62.8,35.9,27.0,14.3,rainy
02-07-2013,75.5,30.1,27.0,8.0,rainy
03-07-2013,83.5,34.5,21.7,11.0,rainy
04-07-2013,54.5,39.8,25.0,13.6,rainy
05-07-2013,75.3,39.2,24.1,11.2,rainy
06-07-2013,70.1,28.5,28.7,4.2,rainy
07-07-2013,108.1,30.0,26.3,7.6,rainy
08-07-2013,5.5,29.6,25.3,16.4,cloudy
09-07-2013,33.7,36.7,21.2,17.5,cloudy
10-07-2013,114.0,37.8,26.1,4.5,rainy
11-07-2013,106.8,30.6,21.2,19.1,rainy
12-07-2013,54.7,34.1,23.4,7.9,rainy
13-07-2013,74.4,38.1,21.4,13.9,rainy
14-07-2013,33.3,36.8,26.9,15.5,cloudy
15-07-2013,22.6,34.5,22.1,16.6,cloudy
16-07-2013,55.6,35.1,23.9,19.0,rainy
17-07-2013,42.4,34.1,29.0,7.6,rainy
18-07-2013,70.0,31.6,22.0,17.5,rainy
19-07-2013,9.3,34.8,25.1,4.4,cloudy
20-07-2013,116.9,36.3,24.2,14.7,rainy
21-07-2013,118.3,38.5,20.2,15.4,rainy
22-07-2013,83.8,35.6,27.9,14.2,rainy
23-07-2013,64.3,37.1,20.7,6.5,rainy
24-07-2013,37.1,29.9,24.7,17.7,rainy
25-07-2013,97.7,33.5,25.6,5.0,rainy
26-07-2013,82.2,28.1,26.3,3.0,rainy
27-07-2013,19.5,31.0,26.9,14.9,cloudy
28-07-2013,109.3,36.7,22.5,10.6,rainy
29-07-2013,98.7,39.9,20.1,17.3,rainy
30-07-2013,114.0,29.2,27.2,8.9,rainy
31-07-2013,87.1,32.8,25.4,5.0,rainy
01-08-2013,73.6,37.6,28.4,17.1,rainy
02-08-2013,50.2,30.4,28.2,11.9,rainy
03-08-2013,111.9,34.7,28.4,5.4,rainy
04-08-2013,103.9,36.8,24.9,15.0,rainy
05-08-2013,5.4,35.4,23.3,11.2,cloudy
06-08-2013,3.2,30.3,27.9,12.9,sunny
07-08-2013,45.2,32.3,24.5,10.3,rainy
08-08-2013,97.3,37.4,21.8,16.9,rainy
09-08-2013,118.5,34.7,28.5,16.9,rainy
10-08-2013,18.1,28.1,28.8,14.8,cloudy
11-08-2013,71.3,37.1,24.7,3.9,rainy
12-08-2013,45.7,28.4,20.8,17.1,rainy
13-08-2013,116.4,36.9,23.9,14.1,rainy
14-08-2013,101.1,30.4,28.0,14.5,rainy
15-08-2013,100.6,39.5,29.0,8.5,rainy
16-08-2013,56.2,32.4,22.0,17.8,rainy
17-08-2013,49.8,31.9,20.7,15.1,rainy
18-08-2013,32.8,29.8,28.8,4.0,cloudy
19-08-2013,6.8,31.7,23.9,9.3,cloudy
20-08-2013,103.8,38.5,25.4,18.0,rainy
21-08-2013,97.5,40.0,29.7,2.8,rainy
22-08-2013,120.0,32.4,20.7,19.3,rainy
23-08-2013,119.6,33.4,26.5,14.2,rainy
24-08-2013,66.7,36.7,20.7,13.4,rainy
25-08-2013,92.3,38.6,23.8,6.9,rainy
26-08-2013,113.4,35.1,28.0,6.5,rainy
27-08-2013,102.0,32.7,24.3,19.0,rainy
28-08-2013,29.7,33.0,30.0,7.4,cloudy
29-08-2013,54.1,36.3,25.6,16.0,rainy
30-08-2013,15.5,28.0,23.2,9.1,cloudy
31-08-2013,114.5,35.4,22.2,4.5,rainy
01-09-2013,72.7,32.3,23.5,2.2,rainy
02-09-2013,27.4,37.5,23.7,11.8,cloudy
03-09-2013,80.6,29.1,20.7,19.6,rainy
04-09-2013,74.2,35.1,23.7,8.6,rainy
05-09-2013,43.0,33.8,24.6,8.4,rainy
06-09-2013,13.6,35.7,27.2,8.2,cloudy
07-09-2013,80.6,28.8,26.6,11.4,rainy
08-09-2013,62.4,35.0,27.1,9.9,rainy
09-09-2013,92.7,34.7,20.1,17.8,rainy
10-09-2013,62.4,34.7,22.2,11.1,rainy
11-09-2013,102.3,35.2,26.6,11.1,rainy
12-09-2013,66.2,36.1,24.8,4.5,rainy
13-09-2013,67.3,37.7,20.1,19.7,rainy
14-09-2013,105.2,31.2,28.0,6.5,rainy
15-09-2013,48.4,37.9,27.7,3.3,rainy
16-09-2013,16.1,34.0,25.5,13.9,cloudy
17-09-2013,3.5,28.9,20.7,12.7,sunny
18-09-2013,90.6,28.7,27.7,9.5,rainy
19-09-2013,74.4,32.0,25.8,9.6,rainy
20-09-2013,84.5,37.4,27.8,16.1,rainy
21-09-2013,25.6,36.5,27.5,5.5,cloudy
22-09-2013,16.4,37.5,28.0,16.8,cloudy
23-09-2013,1.7,34.2,25.2,13.7,sunny
24-09-2013,42.1,33.3,21.4,9.5,rainy
25-09-2013,70.8,29.8,26.7,10.2,rainy
26-09-2013,47.1,31.9,26.2,6.6,rainy
27-09-2013,52.5,33.2,27.4,15.5,rainy
28-09-2013,108.5,29.1,21.7,11.2,rainy
29-09-2013,41.8,30.6,21.9,7.8,rainy
30-09-2013,61.7,35.2,28.9,12.7,rainy
01-10-2013,94.0,36.8,27.5,19.9,rainy
02-10-2013,47.6,40.0,29.1,9.8,rainy
03-10-2013,74.7,39.2,27.6,18.6,rainy
04-10-2013,103.5,35.7,26.0,8.2,rainy
05-10-2013,113.9,33.1,26.5,3.0,rainy
06-10-2013,17.6,35.6,28.9,5.7,cloudy
07-10-2013,111.2,37.4,25.8,9.5,rainy
08-10-2013,59.1,29.4,26.3,6.0,rainy
09-10-2013,31.0,32.9,21.6,2.0,cloudy
10-10-2013,55.1,38.1,24.7,18.5,rainy
11-10-2013,117.6,32.6,27.2,17.2,rainy
12-10-2013,59.1,34.9,22.7,15.4,rainy
13-10-2013,39.5,35.1,22.0,5.0,rainy
14-10-2013,76.0,30.2,23.1,4.2,rainy
15-10-2013,28.8,32.3,22.4,3.2,cloudy
16-10-2013,9.1,32.0,22.1,15.0,cloudy
17-10-2013,15.5,28.3,24.2,18.7,cloudy
18-10-2013,15.4,28.3,29.1,9.7,cloudy
19-10-2013,18.2,38.0,25.1,4.1,cloudy
20-10-2013,16.7,31.3,21.9,11.2,cloudy
21-10-2013,76.9,34.2,20.8,8.3,rainy
22-10-2013,21.8,31.6,27.0,8.7,cloudy
23-10-2013,41.5,39.3,23.8,13.2,rainy
24-10-2013,107.6,31.1,28.2,14.9,rainy
25-10-2013,56.9,33.2,26.6,4.0,rainy
26-10-2013,80.1,38.5,28.0,2.6,rainy
27-10-2013,20.7,38.1,22.7,19.9,cloudy
28-10-2013,23.1,30.2,26.9,6.2,cloudy
29-10-2013,4.9,37.6,22.6,3.0,sunny
30-10-2013,20.3,33.5,29.4,5.4,cloudy
31-10-2013,33.4,33.8,26.4,2.7,cloudy
01-11-2013,21.2,29.6,23.2,9.1,cloudy
02-11-2013,10.6,29.0,22.7,16.4,cloudy
03-11-2013,14.5,36.7,21.9,8.1,cloudy
05-11-2013,55.3,34.0,26.9,10.0,rainy
06-11-2013,24.8,33.2,22.2,14.2,cloudy
07-11-2013,43.7,36.8,26.0,11.2,rainy
08-11-2013,60.4,37.2,22.6,17.5,rainy
09-11-2013,82.8,29.9,26.6,17.6,rainy
10-11-2013,4.7,35.3,28.1,2.2,sunny
11-11-2013,95.9,29.6,27.8,16.0,rainy
12-11-2013,75.3,37.0,27.6,10.3,rainy
13-11-2013,9.8,35.9,21.9,19.8,cloudy
14-11-2013,104.8,39.5,20.9,10.7,rainy
15-11-2013,110.5,28.8,27.0,19.8,rainy
16-11-2013,7.3,28.7,23.7,15.6,cloudy
17-11-2013,33.2,31.4,24.3,6.5,cloudy
18-11-2013,96.7,31.1,20.3,11.7,rainy
19-11-2013,89.8,31.0,22.6,19.9,rainy
20-11-2013,22.1,38.9,20.3,17.4,cloudy
21-11-2013,25.1,31.0,28.8,3.8,cloudy
22-11-2013,44.5,31.3,22.4,14.7,rainy
23-11-2013,58.1,37.1,25.6,8.2,rainy
24-11-2013,74.2,33.4,20.4,2.1,rainy
25-11-2013,44.3,37.3,26.7,9.3,rainy
26-11-2013,55.5,28.8,23.2,6.2,rainy
27-11-2013,89.7,33.9,29.0,16.7,rainy
28-11-2013,4.4,28.4,28.9,8.1,sunny
29-11-2013,30.3,28.8,23.3,16.9,cloudy
30-11-2013,85.6,38.9,29.0,2.0,rainy
01-12-2013,107.4,29.7,30.0,7.5,rainy
02-12-2013,61.4,34.4,28.3,6.3,rainy
03-12-2013,63.9,32.9,28.4,6.2,rainy
04-12-2013,12.9,32.2,22.5,3.2,cloudy
05-12-2013,53.7,38.8,25.8,5.4,rainy
06-12-2013,63.9,28.3,20.7,12.0,rainy
07-12-2013,29.1,36.0,20.9,7.2,cloudy
08-12-2013,32.3,39.6,30.0,9.5,cloudy
09-12-2013,45.3,34.7,23.3,8.8,rainy
10-12-2013,2.4,39.2,27.5,17.8,sunny
11-12-2013,38.6,28.6,28.1,18.3,rainy
12-12-2013,25.4,33.0,28.6,10.9,cloudy
13-12-2013,39.3,31.1,30.0,7.9,rainy
14-12-2013,14.4,36.8,22.4,3.9,cloudy
15-12-2013,106.9,39.8,20.4,19.2,rainy
16-12-2013,71.2,31.1,24.1,3.1,rainy
17-12-2013,81.5,35.9,21.3,7.4,rainy
18-12-2013,94.7,30.4,20.2,7.4,rainy
19-12-2013,59.8,34.8,23.6,7.8,rainy
21-12-2013,10.4,33.6,27.8,5.0,cloudy
22-12-2013,64.5,39.7,25.7,16.1,rainy
23-12-2013,70.4,35.3,23.1,4.2,rainy
24-12-2013,89.5,32.2,26.5,13.4,rainy
25-12-2013,51.8,29.4,22.3,4.2,rainy
26-12-2013,15.3,29.8,20.1,3.3,cloudy
27-12-2013,34.1,30.7,27.6,18.4,cloudy
28-12-2013,43.6,31.0,26.2,5.4,rainy
29-12-2013,77.5,38.2,27.6,16.8,rainy
30-12-2013,68.5,34.7,20.4,11.8,rainy
31-12-2013,42.7,34.3,28.4,3.4,rainy
01-01-2014,118.4,29.4,26.2,19.2,rainy
02-01-2014,72.7,38.3,25.6,6.4,rainy
03-01-2014,28.5,36.7,26.2,17.5,cloudy
04-01-2014,12.2,28.8,28.6,5.0,cloudy
05-01-2014,18.3,36.5,25.9,17.4,cloudy
06-01-2014,29.5,34.5,25.8,2.2,cloudy
07-01-2014,19.3,29.0,29.9,11.2,cloudy
08-01-2014,22.4,33.5,27.6,15.8,cloudy
09-01-2014,34.2,33.8,24.4,18.8,cloudy
10-01-2014,20.8,30.0,27.1,18.4,cloudy
11-01-2014,107.6,39.3,23.9,16.8,rainy
12-01-2014,9.6,38.2,22.3,18.0,cloudy
13-01-2014,62.9,36.0,26.0,5.6,rainy
14-01-2014,49.2,33.5,29.3,7.1,rainy
15-01-2014,117.9,32.9,29.3,7.2,rainy
16-01-2014,13.4,35.8,23.4,8.8,cloudy
17-01-2014,47.7,34.5,25.3,9.1,rainy
18-01-2014,116.3,28.7,22.1,11.8,rainy
19-01-2014,103.9,34.2,30.0,4.9,rainy
20-01-2014,98.0,37.7,29.8,14.4,rainy
21-01-2014,30.9,33.5,26.5,5.0,cloudy
22-01-2014,20.5,28.6,28.0,7.6,cloudy
23-01-2014,80.2,37.4,27.2,11.1,rainy
24-01-2014,111.5,30.4,25.9,16.3,rainy
25-01-2014,66.8,31.1,20.5,15.3,rainy
26-01-2014,68.6,30.0,24.5,13.6,rainy
27-01-2014,33.6,32.0,26.7,4.8,cloudy
28-01-2014,92.3,37.1,26.8,11.8,rainy
29-01-2014,22.4,34.2,23.7,3.6,cloudy
30-01-2014,38.8,30.5,29.4,8.8,rainy
31-01-2014,51.1,38.5,21.7,9.4,rainy
01-02-2014,60.9,38.6,25.0,2.7,rainy
02-02-2014,29.1,38.4,26.9,6.9,cloudy
03-02-2014,13.8,30.9,27.0,19.2,cloudy
04-02-2014,73.3,33.4,26.5,19.2,rainy
05-02-2014,34.6,39.8,22.8,8.3,cloudy
06-02-2014,69.7,37.3,21.6,2.8,rainy
07-02-2014,18.5,28.3,26.4,5.2,cloudy
09-02-2014,57.7,28.8,26.0,9.1,rainy
10-02-2014,63.9,33.6,21.8,19.1,rainy
11-02-2014,6.2,38.9,27.1,4.5,cloudy
12-02-2014,40.4,34.5,24.6,15.7,rainy
13-02-2014,16.1,34.0,26.7,4.0,cloudy
14-02-2014,7.6,29.3,28.4,19.7,cloudy
15-02-2014,118.8,35.9,21.7,8.9,rainy
16-02-2014,38.7,37.9,20.2,16.0,rainy
17-02-2014,97.2,32.6,27.8,8.2,rainy
18-02-2014,30.6,37.3,26.1,13.3,cloudy
19-02-2014,81.8,39.6,27.0,5.5,rainy
20-02-2014,91.2,30.4,28.4,4.6,rainy
21-02-2014,71.5,34.3,28.0,18.9,rainy
22-02-2014,56.6,31.4,29.6,18.5,rainy
23-02-2014,49.4,37.5,25.4,18.0,rainy
24-02-2014,41.9,34.9,24.9,13.3,rainy
25-02-2014,111.5,35.6,24.0,16.5,rainy
26-02-2014,99.7,37.6,21.5,3.2,rainy
27-02-2014,115.8,32.8,25.7,8.0,rainy
28-02-2014,14.9,39.0,22.8,7.6,cloudy
01-03-2014,87.7,34.4,29.2,13.4,rainy
02-03-2014,112.6,29.9,25.8,8.4,rainy
03-03-2014,21.7,36.4,25.9,4.7,cloudy
04-03-2014,8.0,37.5,23.5,12.7,cloudy
05-03-2014,88.9,31.8,20.5,16.7,rainy
06-03-2014,68.9,38.3,20.3,8.9,rainy
07-03-2014,101.0,38.9,24.2,4.4,rainy
08-03-2014,16.8,31.3,20.8,5.5,cloudy
09-03-2014,95.4,39.8,26.1,6.3,rainy
10-03-2014,24.2,29.7,28.8,7.4,cloudy
11-03-2014,19.6,30.4,28.8,13.6,cloudy
12-03-2014,19.7,30.2,26.6,12.8,cloudy
13-03-2014,97.7,38.7,22.1,14.5,rainy
14-03-2014,79.8,35.9,28.6,8.5,rainy
15-03-2014,62.8,29.8,28.9,16.8,rainy
16-03-2014,43.1,33.3,22.0,5.7,rainy
17-03-2014,105.3,35.4,27.4,10.4,rainy
18-03-2014,47.1,29.0,22.9,16.4,rainy
19-03-2014,98.0,38.6,28.0,5.2,rainy
20-03-2014,52.7,37.6,30.0,4.0,rainy
21-03-2014,45.2,34.1,20.3,17.9,rainy
22-03-2014,55.5,39.6,29.0,8.2,rainy
23-03-2014,36.2,33.0,26.2,14.3,rainy
24-03-2014,89.7,39.8,29.7,2.5,rainy
25-03-2014,60.3,36.0,24.7,14.4,rainy
26-03-2014,27.9,35.6,28.5,7.7,cloudy
27-03-2014,107.9,30.0,20.6,3.0,rainy
28-03-2014,46.1,38.6,23.4,13.0,rainy
29-03-2014,65.2,33.1,20.7,6.3,rainy
30-03-2014,108.8,29.9,29.8,9.0,rainy
31-03-2014,74.9,28.2,28.2,3.5,rainy
01-04-2014,14.0,34.7,28.5,4.6,cloudy
02-04-2014,112.8,34.3,29.4,7.4,rainy
03-04-2014,75.3,36.6,20.9,3.6,rainy
04-04-2014,40.2,38.7,23.9,18.4,rainy
05-04-2014,16.7,29.0,20.7,2.1,cloudy
06-04-2014,95.3,36.8,22.1,10.7,rainy
07-04-2014,74.4,30.2,22.3,4.2,rainy
08-04-2014,64.0,38.3,24.7,7.5,rainy
09-04-2014,107.3,37.8,22.7,18.7,rainy
10-04-2014,94.6,34.5,21.0,4.9,rainy
11-04-2014,18.2,36.5,21.7,19.4,cloudy
12-04-2014,37.4,31.8,21.5,5.7,rainy
13-04-2014,29.8,33.7,29.7,15.3,cloudy
14-04-2014,89.3,37.9,27.6,11.8,rainy
15-04-2014,4.0,33.5,29.7,17.9,sunny
16-04-2014,68.4,32.3,24.4,12.0,rainy
17-04-2014,91.5,33.9,22.8,11.6,rainy
18-04-2014,105.2,37.9,28.0,5.5,rainy
19-04-2014,41.0,32.0,23.3,5.0,rainy
20-04-2014,98.6,30.1,23.0,18.5,rainy
21-04-2014,13.3,36.5,22.3,7.9,cloudy
22-04-2014,101.6,37.9,21.3,8.7,rainy
23-04-2014,15.3,29.2,22.6,15.7,cloudy
24-04-2014,47.7,30.9,23.6,8.1,rainy
25-04-2014,95.7,29.7,26.7,19.1,rainy
26-04-2014,18.0,32.2,20.6,15.3,cloudy
27-04-2014,27.5,33.4,22.1,12.8,cloudy
28-04-2014,86.7,37.0,28.1,17.9,rainy
29-04-2014,86.4,35.8,21.5,2.9,rainy
30-04-2014,76.9,35.5,23.4,6.6,rainy
01-05-2014,83.3,32.2,28.6,10.4,rainy
02-05-2014,65.1,38.1,21.5,6.1,rainy
03-05-2014,30.2,33.7,20.8,15.4,cloudy
04-05-2014,41.5,39.7,24.8,18.5,rainy
05-05-2014,21.8,35.6,23.0,9.6,cloudy
06-05-2014,109.0,29.5,25.6,8.2,rainy
07-05-2014,70.0,36.1,28.0,19.3,rainy
08-05-2014,48.1,31.9,21.4,10.0,rainy
09-05-2014,55.4,36.2,25.8,10.8,rainy
10-05-2014,113.7,28.8,25.1,8.3,rainy
11-05-2014,18.4,30.1,21.4,18.4,cloudy
12-05-2014,70.3,38.3,26.2,12.2,rainy
13-05-2014,60.7,30.7,22.7,15.7,rainy
14-05-2014,73.4,38.0,24.9,16.6,rainy
15-05-2014,2.2,31.4,20.8,8.2,sunny
16-05-2014,104.7,35.7,24.6,9.8,rainy
17-05-2014,111.9,36.3,23.1,17.3,rainy
18-05-2014,67.8,34.2,28.2,8.5,rainy
19-05-2014,83.6,31.7,20.6,16.3,rainy
20-05-2014,110.7,30.6,24.2,18.9,rainy
21-05-2014,84.9,28.4,24.6,13.2,rainy
22-05-2014,18.3,31.6,27.3,15.3,cloudy
23-05-2014,69.2,35.8,25.7,16.5,rainy
24-05-2014,72.8,39.3,26.7,17.2,rainy
25-05-2014,50.9,38.5,27.8,9.1,rainy
26-05-2014,88.4,37.2,28.6,2.9,rainy
27-05-2014,112.1,37.5,23.1,9.2,rainy
28-05-2014,111.1,36.0,25.4,14.1,rainy
29-05-2014,54.1,31.1,28.4,10.1,rainy
30-05-2014,13.6,38.9,29.9,15.5,cloudy
31-05-2014,118.2,36.0,28.9,8.4,rainy
01-06-2014,100.7,34.7,23.7,13.4,rainy
02-06-2014,15.0,29.3,22.0,5.4,cloudy
03-06-2014,110.5,33.4,24.9,15.5,rainy
04-06-2014,104.4,33.5,27.4,11.8,rainy
05-06-2014,62.3,38.4,24.9,5.7,rainy
06-06-2014,71.0,34.6,24.8,7.3,rainy
07-06-2014,47.9,32.6,28.4,15.5,rainy
08-06-2014,6.6,39.7,23.6,10.7,cloudy
09-06-2014,40.2,29.3,28.6,5.9,rainy
10-06-2014,96.3,33.1,24.1,19.4,rainy
11-06-2014,0.6,28.5,23.3,14.9,sunny
12-06-2014,40.0,36.9,24.5,19.2,rainy
13-06-2014,47.8,39.0,27.6,9.7,rainy
14-06-2014,64.5,31.4,21.3,10.6,rainy
15-06-2014,110.4,38.3,22.0,18.2,rainy
16-06-2014,41.6,31.5,29.5,11.5,rainy
17-06-2014,41.6,38.9,21.8,14.7,rainy
18-06-2014,88.5,37.0,25.7,6.5,rainy
19-06-2014,54.3,37.7,25.8,10.0,rainy
20-06-2014,27.0,28.2,24.9,4.2,cloudy
21-06-2014,54.3,39.6,26.4,5.7,rainy
22-06-2014,16.9,36.7,22.3,2.0,cloudy
23-06-2014,21.2,31.7,25.5,2.7,cloudy
24-06-2014,59.8,38.0,23.7,19.6,rainy
25-06-2014,50.3,31.4,26.6,6.4,rainy
26-06-2014,109.8,38.5,21.4,13.9,rainy
27-06-2014,43.5,29.4,25.7,17.1,rainy
28-06-2014,69.7,36.4,21.9,11.9,rainy
29-06-2014,75.9,34.5,22.8,4.8,rainy
30-06-2014,1.6,29.2,22.2,15.1,sunny
01-07-2014,79.6,30.9,21.8,12.8,rainy
02-07-2014,21.4,28.1,28.3,15.2,cloudy
03-07-2014,115.3,33.6,22.9,15.9,rainy
04-07-2014,17.8,31.6,29.3,19.6,cloudy
05-07-2014,49.8,35.2,29.7,12.3,rainy
06-07-2014,10.2,31.6,25.7,8.1,cloudy
07-07-2014,119.6,31.6,21.4,13.7,rainy
08-07-2014,60.3,36.9,23.7,3.2,rainy
09-07-2014,71.4,28.6,28.0,18.2,rainy
10-07-2014,8.0,38.8,23.7,4.1,cloudy
11-07-2014,90.0,38.2,20.9,7.9,rainy
12-07-2014,25.2,36.0,25.6,16.7,cloudy
13-07-2014,107.8,35.1,28.5,12.8,rainy
14-07-2014,24.6,38.7,28.0,9.1,cloudy
15-07-2014,22.9,30.2,21.8,10.5,cloudy
16-07-2014,4.4,28.9,26.7,17.4,sunny
17-07-2014,56.6,30.9,22.2,8.1,rainy
18-07-2014,67.8,37.5,22.2,17.7,rainy
19-07-2014,7.9,28.4,28.7,3.6,cloudy
20-07-2014,93.1,35.0,22.5,16.0,rainy
21-07-2014,54.4,39.9,22.6,17.3,rainy
22-07-2014,62.9,38.3,20.0,5.3,rainy
23-07-2014,52.9,34.3,28.7,9.7,rainy
24-07-2014,48.1,28.8,27.9,5.0,rainy
25-07-2014,67.2,38.0,26.3,14.7,rainy
26-07-2014,18.6,35.2,27.5,11.6,cloudy
27-07-2014,21.8,29.4,21.5,13.4,cloudy
28-07-2014,103.4,29.1,24.6,5.5,rainy
29-07-2014,113.5,38.9,23.5,5.8,rainy
30-07-2014,44.8,36.0,20.9,2.7,rainy
31-07-2014,32.5,38.0,24.9,7.8,cloudy
01-08-2014,77.3,38.5,29.2,12.1,rainy
02-08-2014,49.0,34.9,20.4,17.4,rainy
03-08-2014,3.0,34.2,22.9,14.0,sunny
04-08-2014,18.7,33.2,22.1,9.8,cloudy
05-08-2014,85.9,31.8,22.4,19.2,rainy
06-08-2014,79.1,33.2,29.1,14.9,rainy
07-08-2014,3.3,37.3,24.7,18.7,sunny
08-08-2014,26.6,35.2,24.7,11.5,cloudy
09-08-2014,27.7,38.7,27.6,6.7,cloudy
10-08-2014,80.6,33.3,21.5,3.0,rainy
11-08-2014,2.4,35.3,24.9,15.1,sunny
12-08-2014,12.5,35.6,24.3,4.2,cloudy
13-08-2014,96.0,35.1,26.0,7.4,rainy
14-08-2014,21.4,36.4,30.0,11.6,cloudy
15-08-2014,78.3,30.8,27.7,12.2,rainy
16-08-2014,28.6,34.1,24.0,12.8,cloudy
17-08-2014,11.9,29.3,28.3,5.0,cloudy
18-08-2014,29.2,32.6,21.7,8.8,cloudy
19-08-2014,86.7,33.9,20.3,13.1,rainy
20-08-2014,102.7,35.8,22.0,19.5,rainy
21-08-2014,99.6,39.4,23.4,15.1,rainy
22-08-2014,47.7,35.2,25.1,18.6,rainy
23-08-2014,80.2,36.9,26.2,15.7,rainy
24-08-2014,24.6,34.1,29.1,12.7,cloudy
25-08-2014,35.2,35.6,25.1,5.5,rainy
26-08-2014,107.6,28.9,25.0,14.0,rainy
27-08-2014,1.6,31.1,20.5,13.2,sunny
28-08-2014,10.3,32.3,20.3,12.8,cloudy
29-08-2014,24.9,33.7,25.5,10.8,cloudy
30-08-2014,3.2,28.5,24.4,11.5,sunny
31-08-2014,21.8,29.7,28.4,8.0,cloudy
01-09-2014,70.0,31.3,21.6,11.3,rainy
02-09-2014,50.6,39.7,20.2,5.6,rainy
03-09-2014,107.1,32.0,24.5,16.5,rainy
04-09-2014,98.1,33.8,22.4,5.3,rainy
05-09-2014,41.0,30.4,20.5,3.5,rainy
06-09-2014,31.1,35.3,27.2,9.9,cloudy
07-09-2014,45.6,31.4,21.1,13.8,rainy
08-09-2014,70.8,30.5,26.1,9.9,rainy
09-09-2014,32.2,34.2,22.8,7.0,cloudy
10-09-2014,74.9,28.1,21.7,12.0,rainy
11-09-2014,49.1,28.1,23.8,8.2,rainy
12-09-2014,66.2,30.6,28.0,18.8,rainy
13-09-2014,52.3,28.4,23.9,18.6,rainy
14-09-2014,35.3,29.3,27.5,11.0,rainy
15-09-2014,113.8,32.1,21.3,7.9,rainy
16-09-2014,91.6,37.6,27.7,15.3,rainy
17-09-2014,16.8,34.9,22.4,2.7,cloudy
18-09-2014,104.2,34.2,26.8,10.5,rainy
19-09-2014,58.5,31.5,25.7,8.1,rainy
20-09-2014,107.3,39.2,29.3,18.6,rainy
21-09-2014,96.0,32.8,23.9,2.2,rainy
22-09-2014,51.0,29.0,20.7,12.0,rainy
23-09-2014,2.7,35.4,20.2,15.3,sunny
24-09-2014,32.2,29.4,28.3,10.7,cloudy
25-09-2014,65.0,32.1,25.2,3.5,rainy
26-09-2014,76.0,34.1,27.8,19.5,rainy
27-09-2014,30.9,38.5,22.3,11.3,cloudy
28-09-2014,16.7,33.9,23.5,13.1,cloudy
29-09-2014,100.2,36.4,20.3,6.3,rainy
30-09-2014,118.1,39.9,29.6,10.7,rainy
01-10-2014,63.1,29.6,26.7,9.7,rainy
02-10-2014,20.6,31.3,29.3,3.3,cloudy
03-10-2014,32.7,32.7,22.7,3.9,cloudy
04-10-2014,2.2,33.1,26.1,17.1,sunny
05-10-2014,109.7,32.9,26.8,6.3,rainy
06-10-2014,14.1,38.9,23.2,5.5,cloudy
07-10-2014,69.2,36.6,28.5,11.1,rainy
08-10-2014,32.9,35.3,29.5,15.8,cloudy
09-10-2014,66.5,31.7,28.8,3.1,rainy
10-10-2014,78.2,37.9,27.4,12.4,rainy
11-10-2014,99.6,39.5,22.8,4.1,rainy
12-10-2014,24.8,37.9,22.8,2.7,cloudy
13-10-2014,1.3,28.0,29.6,2.9,sunny
14-10-2014,16.4,35.6,20.1,17.0,cloudy
15-10-2014,108.0,28.6,27.2,4.1,rainy
16-10-2014,104.9,31.1,27.1,2.8,rainy
17-10-2014,71.7,28.7,26.2,9.9,rainy
18-10-2014,72.1,35.2,29.9,17.2,rainy
19-10-2014,79.8,36.2,23.1,6.7,rainy
20-10-2014,21.0,29.4,23.4,9.6,cloudy
21-10-2014,109.7,32.6,20.8,2.7,rainy
22-10-2014,50.3,33.5,24.4,10.1,rainy
23-10-2014,46.0,32.4,22.6,12.4,rainy
24-10-2014,62.3,29.5,23.4,12.3,rainy
25-10-2014,5.6,33.0,28.3,8.0,cloudy
26-10-2014,20.0,37.0,29.4,7.7,cloudy
27-10-2014,88.6,28.9,21.9,3.9,rainy
28-10-2014,9.9,29.0,23.7,8.6,cloudy
29-10-2014,72.4,32.3,29.3,3.8,rainy
30-10-2014,29.4,39.3,20.6,15.8,cloudy
31-10-2014,46.7,36.0,20.9,19.4,rainy
01-11-2014,34.6,36.1,21.6,19.5,cloudy
02-11-2014,42.7,32.3,26.0,17.6,rainy
03-11-2014,86.3,35.1,21.5,12.8,rainy
04-11-2014,35.7,28.1,29.7,14.6,rainy
05-11-2014,68.0,35.6,24.5,7.1,rainy
06-11-2014,57.1,39.0,25.0,13.4,rainy
07-11-2014,79.6,35.4,22.5,10.2,rainy
08-11-2014,112.4,38.5,24.7,10.7,rainy
09-11-2014,87.9,36.7,26.6,15.6,rainy
10-11-2014,25.8,29.4,27.5,7.1,cloudy
11-11-2014,3.7,38.8,27.5,7.7,sunny
12-11-2014,31.5,28.8,25.8,18.6,cloudy
13-11-2014,71.4,34.4,29.0,3.0,rainy
14-11-2014,6.2,29.7,28.2,10.7,cloudy
15-11-2014,59.6,28.1,27.6,18.4,rainy
16-11-2014,71.6,33.1,20.6,13.0,rainy
17-11-2014,40.1,31.5,20.1,11.8,rainy
18-11-2014,92.5,33.8,22.1,6.5,rainy
19-11-2014,12.8,34.9,26.6,8.2,cloudy
20-11-2014,9.0,28.5,24.1,17.3,cloudy
21-11-2014,87.4,29.5,24.0,12.1,rainy
22-11-2014,59.5,34.7,28.8,11.3,rainy
23-11-2014,82.6,32.1,29.0,3.8,rainy
24-11-2014,52.2,36.8,29.1,2.3,rainy
25-11-2014,29.6,35.8,23.1,19.3,cloudy
26-11-2014,98.3,38.1,26.9,8.8,rainy
27-11-2014,95.9,36.3,22.7,12.9,rainy
28-11-2014,83.4,33.2,21.9,3.4,rainy
30-11-2014,32.7,36.1,21.8,14.3,cloudy
01-12-2014,70.8,31.3,23.4,18.8,rainy
02-12-2014,43.3,31.7,24.3,12.4,rainy
03-12-2014,11.0,37.5,28.3,4.3,cloudy
04-12-2014,110.1,33.4,21.2,12.5,rainy
05-12-2014,16.4,37.6,27.3,15.8,cloudy
06-12-2014,114.0,37.9,25.3,9.3,rainy
07-12-2014,53.5,38.3,22.9,17.8,rainy
08-12-2014,22.2,39.0,24.9,13.7,cloudy
09-12-2014,65.0,33.2,23.0,18.2,rainy
10-12-2014,104.8,31.8,26.0,13.2,rainy
11-12-2014,87.9,35.0,24.3,4.4,rainy
12-12-2014,96.8,32.5,21.6,7.6,rainy
13-12-2014,79.1,35.2,21.2,5.6,rainy
14-12-2014,83.1,36.5,25.5,18.4,rainy
15-12-2014,101.9,36.3,29.0,15.7,rainy
16-12-2014,30.0,32.5,23.4,14.2,cloudy
17-12-2014,58.7,30.0,27.3,7.4,rainy
18-12-2014,26.5,33.2,26.6,5.3,cloudy
19-12-2014,118.5,29.7,29.3,15.6,rainy
20-12-2014,113.3,38.7,28.2,10.5,rainy
21-12-2014,4.7,32.2,25.7,6.1,sunny
22-12-2014,84.7,29.9,26.6,13.1,rainy
23-12-2014,111.0,28.3,29.0,2.7,rainy
24-12-2014,21.7,35.7,24.0,7.9,cloudy
25-12-2014,68.2,35.6,23.3,10.4,rainy
26-12-2014,109.9,32.1,20.1,4.7,rainy
27-12-2014,4.1,28.9,28.3,19.7,sunny
28-12-2014,83.7,32.9,28.0,5.8,rainy
29-12-2014,35.7,31.7,21.0,4.3,rainy
30-12-2014,110.9,36.1,25.8,5.7,rainy
31-12-2014,116.5,35.3,24.6,15.8,rainy
01-01-2015,113.3,32.4,21.2,9.7,rainy
02-01-2015,56.9,30.6,29.8,12.2,rainy
03-01-2015,103.4,39.9,22.1,2.4,rainy
04-01-2015,101.3,33.4,20.7,2.6,rainy
05-01-2015,38.3,36.3,25.9,10.0,rainy
06-01-2015,99.5,29.7,27.4,16.7,rainy
07-01-2015,4.4,33.8,20.3,17.9,sunny
08-01-2015,71.6,28.3,26.6,3.6,rainy
09-01-2015,27.6,34.1,25.3,11.7,cloudy
10-01-2015,14.5,39.6,21.0,18.4,cloudy
11-01-2015,9.2,32.6,21.7,9.0,cloudy
12-01-2015,83.6,28.5,25.7,16.9,rainy
13-01-2015,40.8,28.4,23.0,4.4,rainy
14-01-2015,87.0,32.7,29.4,18.8,rainy
15-01-2015,7.8,29.9,28.2,15.5,cloudy
16-01-2015,37.8,28.3,29.8,18.9,rainy
17-01-2015,64.7,37.1,22.6,14.2,rainy
18-01-2015,94.9,33.5,29.7,8.5,rainy
19-01-2015,38.3,31.5,24.3,18.9,rainy
20-01-2015,75.1,38.8,23.5,7.0,rainy
21-01-2015,106.3,29.4,20.5,8.0,rainy
22-01-2015,73.9,39.5,20.5,14.6,rainy
23-01-2015,28.0,31.8,26.9,15.8,cloudy
24-01-2015,2.9,38.7,24.6,18.7,sunny
25-01-2015,104.4,35.2,22.3,5.7,rainy
26-01-2015,2.6,37.9,26.1,16.4,sunny
27-01-2015,105.0,39.8,22.5,15.3,rainy
28-01-2015,63.5,31.5,25.8,3.1,rainy
29-01-2015,112.7,39.5,23.6,9.0,rainy
30-01-2015,95.9,32.7,28.2,7.1,rainy
31-01-2015,119.8,32.6,28.2,7.5,rainy
01-02-2015,42.1,32.1,24.8,19.7,rainy
02-02-2015,92.1,34.5,23.5,13.6,rainy
03-02-2015,48.2,29.8,23.6,14.9,rainy
04-02-2015,57.6,34.6,28.1,19.6,rainy
05-02-2015,75.3,34.5,23.3,8.8,rainy
06-02-2015,104.8,37.1,22.1,16.4,rainy
07-02-2015,118.1,38.0,20.8,9.8,rainy
08-02-2015,92.2,33.3,24.7,17.7,rainy
09-02-2015,50.1,31.6,24.8,5.3,rainy
10-02-2015,50.6,31.1,28.4,19.1,rainy
11-02-2015,88.5,30.3,22.2,5.9,rainy
12-02-2015,28.7,28.7,23.8,7.9,cloudy
13-02-2015,13.3,32.1,28.1,15.6,cloudy
14-02-2015,42.6,31.2,28.2,9.1,rainy
15-02-2015,34.5,39.6,23.8,12.9,cloudy
16-02-2015,35.6,34.7,24.6,10.0,rainy
17-02-2015,28.0,32.2,23.0,15.4,cloudy
18-02-2015,5.1,35.0,29.3,6.1,cloudy
19-02-2015,2.1,29.7,21.2,3.1,sunny
20-02-2015,118.5,33.3,29.3,7.4,rainy
21-02-2015,51.3,35.5,26.8,10.5,rainy
22-02-2015,46.1,33.9,25.3,5.0,rainy
23-02-2015,81.6,32.8,20.3,8.4,rainy
24-02-2015,26.2,39.9,24.8,9.2,cloudy
25-02-2015,114.0,38.6,24.1,3.0,rainy
26-02-2015,94.4,35.5,21.6,12.5,rainy
27-02-2015,10.7,34.8,26.6,17.9,cloudy
28-02-2015,50.1,35.4,29.7,4.7,rainy
01-03-2015,105.5,30.4,25.6,12.8,rainy
02-03-2015,113.4,32.7,27.1,14.0,rainy
03-03-2015,56.1,28.5,20.7,9.5,rainy
04-03-2015,73.6,33.7,24.2,14.6,rainy
05-03-2015,20.0,34.5,21.2,9.4,cloudy
06-03-2015,118.9,30.7,26.1,11.1,rainy
07-03-2015,27.8,39.6,29.4,2.1,cloudy
08-03-2015,113.1,38.9,26.6,14.5,rainy
09-03-2015,78.0,36.7,20.8,13.9,rainy
10-03-2015,72.9,34.4,23.5,2.7,rainy
11-03-2015,61.5,38.4,25.5,8.6,rainy
12-03-2015,27.7,29.6,24.0,19.6,cloudy
13-03-2015,21.2,37.5,28.3,9.6,cloudy
14-03-2015,26.5,29.5,28.1,11.0,cloudy
15-03-2015,22.4,37.5,26.1,18.4,cloudy
16-03-2015,93.6,31.3,23.7,14.9,rainy
17-03-2015,42.0,38.5,22.6,12.5,rainy
18-03-2015,6.9,39.3,21.1,16.4,cloudy
19-03-2015,116.3,29.8,23.5,17.6,rainy
20-03-2015,106.1,33.6,24.1,10.2,rainy
21-03-2015,111.3,39.8,26.8,10.6,rainy
22-03-2015,119.4,33.8,26.6,8.9,rainy
23-03-2015,20.9,38.4,20.7,19.4,cloudy
24-03-2015,47.5,35.1,24.0,14.5,rainy
25-03-2015,91.0,32.5,21.8,3.5,rainy
26-03-2015,83.5,31.4,21.6,17.5,rainy
27-03-2015,18.5,30.4,28.3,10.7,cloudy
28-03-2015,97.9,37.1,20.4,3.2,rainy
29-03-2015,26.9,32.6,24.2,11.9,cloudy
30-03-2015,26.9,34.1,21.7,9.5,cloudy
31-03-2015,64.4,33.9,28.8,17.8,rainy
01-04-2015,71.2,34.9,25.6,5.7,rainy
02-04-2015,69.6,38.4,22.3,16.9,rainy
03-04-2015,11.0,39.8,25.0,12.0,cloudy
04-04-2015,105.3,32.9,27.3,3.0,rainy
05-04-2015,31.9,37.9,29.6,19.5,cloudy
06-04-2015,15.5,37.2,22.2,11.2,cloudy
07-04-2015,106.6,34.9,28.9,7.2,rainy
08-04-2015,114.7,39.5,29.3,10.4,rainy
09-04-2015,103.5,30.4,29.2,17.4,rainy
10-04-2015,97.1,29.3,26.4,7.5,rainy
11-04-2015,78.6,38.2,26.3,5.5,rainy
12-04-2015,66.1,33.3,24.0,4.3,rainy
13-04-2015,10.4,38.2,27.5,7.4,cloudy
14-04-2015,49.0,38.7,25.3,16.0,rainy
15-04-2015,44.7,28.7,26.8,10.5,rainy
16-04-2015,31.2,38.6,24.3,6.1,cloudy
17-04-2015,86.8,33.4,27.3,5.0,rainy
18-04-2015,59.5,34.1,28.2,8.0,rainy
19-04-2015,9.7,35.5,21.5,18.9,cloudy
20-04-2015,26.4,39.1,28.3,8.2,cloudy
21-04-2015,82.0,28.2,25.4,19.8,rainy
22-04-2015,9.1,33.7,28.4,10.7,cloudy
23-04-2015,102.1,36.3,24.3,5.2,rainy
24-04-2015,59.4,36.7,23.8,18.0,rainy
25-04-2015,57.7,36.3,29.2,10.3,rainy
26-04-2015,71.1,29.6,22.5,14.8,rainy
27-04-2015,99.0,31.6,28.4,19.7,rainy
28-04-2015,41.7,32.3,24.8,2.9,rainy
29-04-2015,81.4,37.7,25.1,3.7,rainy
30-04-2015,67.9,31.3,23.1,15.0,rainy
01-05-2015,32.0,30.5,25.7,7.1,cloudy
02-05-2015,105.4,39.5,23.3,5.3,rainy
03-05-2015,95.7,28.1,20.4,2.7,rainy
04-05-2015,79.0,40.0,22.7,2.4,rainy
05-05-2015,102.1,36.1,20.1,15.9,rainy
06-05-2015,104.1,37.9,29.8,4.4,rainy
07-05-2015,85.0,31.5,29.7,10.4,rainy
08-05-2015,100.4,28.2,24.0,12.9,rainy
09-05-2015,83.7,36.9,27.3,9.7,rainy
10-05-2015,81.6,38.0,23.5,2.5,rainy
11-05-2015,74.2,36.9,26.7,16.1,rainy
12-05-2015,90.3,29.7,28.1,2.2,rainy
13-05-2015,19.0,37.0,29.5,15.7,cloudy
14-05-2015,105.7,37.2,24.0,18.1,rainy
15-05-2015,104.6,35.9,27.8,9.8,rainy
16-05-2015,3.5,37.2,22.7,11.6,sunny
17-05-2015,99.1,38.2,29.9,10.6,rainy
18-05-2015,15.5,35.4,20.3,9.0,cloudy
19-05-2015,40.2,29.1,26.0,18.0,rainy
20-05-2015,89.2,33.9,26.6,18.1,rainy
21-05-2015,19.3,28.9,26.9,8.0,cloudy
22-05-2015,98.2,32.9,21.2,13.1,rainy
23-05-2015,99.9,32.9,29.4,18.7,rainy
24-05-2015,60.9,28.8,21.8,19.3,rainy
25-05-2015,0.8,32.2,26.2,11.2,sunny
26-05-2015,34.4,29.3,22.2,10.2,cloudy
27-05-2015,74.0,37.7,23.1,7.0,rainy
28-05-2015,117.7,39.4,25.5,19.3,rainy
29-05-2015,75.8,28.9,24.2,4.6,rainy
30-05-2015,31.2,39.5,21.6,12.4,cloudy
31-05-2015,76.1,34.3,21.7,7.1,rainy
01-06-2015,64.8,31.6,24.2,7.0,rainy
02-06-2015,93.6,28.9,27.6,9.3,rainy
03-06-2015,12.8,34.0,29.0,20.0,cloudy
04-06-2015,91.3,37.5,20.8,3.0,rainy
05-06-2015,65.0,36.5,23.9,12.4,rainy
06-06-2015,115.6,28.6,21.0,3.5,rainy
07-06-2015,41.0,28.9,20.2,4.8,rainy
08-06-2015,75.9,32.8,26.6,9.9,rainy
09-06-2015,111.8,31.5,26.0,11.2,rainy
10-06-2015,12.3,30.8,21.6,6.7,cloudy
11-06-2015,112.5,31.4,22.3,7.7,rainy
12-06-2015,82.5,37.6,20.2,3.6,rainy
13-06-2015,8.1,39.2,28.3,7.5,cloudy
14-06-2015,36.1,32.9,29.7,19.4,rainy
16-06-2015,85.0,38.9,21.4,19.0,rainy
17-06-2015,8.1,31.9,22.3,8.0,cloudy
18-06-2015,69.9,33.7,28.7,12.3,rainy
19-06-2015,41.5,30.7,29.3,18.4,rainy
20-06-2015,74.5,35.7,24.2,2.1,rainy
21-06-2015,5.5,39.7,20.5,16.6,cloudy
22-06-2015,104.6,35.2,20.4,19.1,rainy
23-06-2015,116.8,32.3,25.7,3.6,rainy
24-06-2015,116.3,35.8,23.9,4.9,rainy
25-06-2015,90.0,29.5,20.3,19.3,rainy
26-06-2015,15.6,38.7,25.8,11.7,cloudy
27-06-2015,91.0,34.0,20.1,2.3,rainy
28-06-2015,3.0,33.4,27.9,6.6,sunny
29-06-2015,2.7,35.0,23.1,10.1,sunny
30-06-2015,38.8,35.5,20.4,14.5,rainy
01-07-2015,58.6,28.9,25.9,15.2,rainy
02-07-2015,92.4,36.2,24.0,19.9,rainy
03-07-2015,82.0,30.9,29.7,7.2,rainy
04-07-2015,53.5,36.6,25.4,11.7,rainy
05-07-2015,32.8,37.9,22.8,11.6,cloudy
07-07-2015,119.7,37.6,27.1,9.3,rainy
09-07-2015,51.1,34.6,22.7,5.0,rainy
10-07-2015,54.2,34.2,29.0,19.6,rainy
11-07-2015,19.6,29.7,23.7,17.4,cloudy
12-07-2015,95.4,37.3,25.5,11.0,rainy
13-07-2015,83.2,31.3,20.5,12.9,rainy
14-07-2015,26.5,34.0,24.3,6.1,cloudy
15-07-2015,9.9,31.4,28.3,11.8,cloudy
16-07-2015,81.7,29.6,28.1,14.5,rainy
17-07-2015,78.5,35.6,22.2,11.3,rainy
18-07-2015,32.8,28.7,22.3,19.8,cloudy
19-07-2015,114.1,37.0,28.2,13.0,rainy
20-07-2015,18.1,31.8,29.3,8.7,cloudy
21-07-2015,51.9,28.0,21.0,15.9,rainy
22-07-2015,113.2,34.1,24.5,5.1,rainy
23-07-2015,50.4,28.6,23.4,8.9,rainy
24-07-2015,76.6,31.3,28.7,8.2,rainy
25-07-2015,47.7,36.5,20.8,9.8,rainy
26-07-2015,32.9,28.8,22.1,16.1,cloudy
27-07-2015,118.1,38.1,27.5,10.7,rainy
28-07-2015,49.1,28.0,20.5,16.3,rainy
29-07-2015,107.3,31.0,24.9,12.4,rainy
30-07-2015,27.6,36.9,24.4,8.2,cloudy
31-07-2015,25.6,31.8,23.3,16.6,cloudy
01-08-2015,3.7,29.2,23.9,6.3,sunny
02-08-2015,78.2,32.3,25.3,6.0,rainy
03-08-2015,44.2,31.2,21.6,11.1,rainy
04-08-2015,103.7,38.1,25.7,6.7,rainy
05-08-2015,56.8,31.8,28.1,2.2,rainy
06-08-2015,116.2,37.5,27.6,13.7,rainy
07-08-2015,22.3,38.7,21.5,11.2,cloudy
08-08-2015,104.2,33.2,21.5,10.0,rainy
09-08-2015,93.2,38.9,22.7,19.4,rainy
10-08-2015,92.5,32.5,23.6,12.3,rainy
11-08-2015,101.4,39.6,24.1,17.5,rainy
12-08-2015,91.3,29.1,26.8,4.5,rainy
13-08-2015,75.1,36.2,20.6,12.2,rainy
14-08-2015,15.7,33.9,20.3,17.6,cloudy
15-08-2015,3.9,32.7,23.9,12.5,sunny
16-08-2015,110.5,35.6,27.0,14.9,rainy
17-08-2015,74.0,36.4,21.9,8.7,rainy
18-08-2015,95.6,28.1,26.4,3.7,rainy
20-08-2015,57.8,30.0,22.6,10.2,rainy
21-08-2015,14.1,36.6,28.9,9.1,cloudy
24-08-2015,15.0,36.0,29.0,17.6,cloudy
25-08-2015,82.3,39.6,23.0,6.4,rainy
26-08-2015,51.6,37.1,22.3,19.4,rainy
27-08-2015,24.1,39.4,24.1,19.2,cloudy
28-08-2015,59.0,36.4,22.4,6.5,rainy
29-08-2015,7.7,31.6,26.7,8.3,cloudy
30-08-2015,69.8,29.3,28.3,18.1,rainy
31-08-2015,32.3,37.4,26.7,19.4,cloudy
01-09-2015,95.7,35.7,28.2,10.0,rainy
02-09-2015,37.2,28.6,24.0,7.8,rainy
03-09-2015,54.6,32.3,21.6,11.5,rainy
04-09-2015,1.4,39.5,27.4,14.4,sunny
05-09-2015,8.7,34.0,23.6,6.9,cloudy
06-09-2015,47.1,33.2,26.7,15.3,rainy
07-09-2015,57.6,33.5,22.7,2.9,rainy
08-09-2015,72.0,30.5,20.8,2.9,rainy
09-09-2015,35.0,32.4,29.9,9.0,cloudy
10-09-2015,83.4,32.4,21.6,8.4,rainy
11-09-2015,103.2,28.6,29.9,7.7,rainy
12-09-2015,93.6,37.2,29.8,10.8,rainy
13-09-2015,4.8,33.0,27.9,7.8,sunny
14-09-2015,57.7,37.9,26.6,5.5,rainy
15-09-2015,12.6,38.2,25.8,7.6,cloudy
16-09-2015,29.0,30.5,28.7,19.5,cloudy
17-09-2015,118.4,35.9,22.9,9.4,rainy
18-09-2015,17.1,33.7,24.7,10.0,cloudy
19-09-2015,59.9,38.6,26.2,12.4,rainy
20-09-2015,74.2,30.6,24.1,19.7,rainy
21-09-2015,84.3,36.1,24.3,6.3,rainy
22-09-2015,67.2,35.3,23.3,14.3,rainy
23-09-2015,1.2,31.5,25.6,14.9,sunny
24-09-2015,39.2,29.6,28.5,12.9,rainy
25-09-2015,62.1,35.8,22.0,3.6,rainy
26-09-2015,10.5,36.9,29.3,14.2,cloudy
27-09-2015,42.1,31.8,26.9,3.2,rainy
28-09-2015,4.0,35.7,28.2,12.7,sunny
29-09-2015,9.4,32.7,25.6,15.3,cloudy
30-09-2015,47.6,36.6,27.8,5.8,rainy
01-10-2015,15.9,30.4,20.2,17.1,cloudy
02-10-2015,68.1,38.7,28.2,2.5,rainy
03-10-2015,82.7,31.4,20.4,17.2,rainy
04-10-2015,96.1,32.4,28.9,10.3,rainy
05-10-2015,24.0,28.7,29.9,5.9,cloudy
07-10-2015,20.1,29.3,22.9,4.4,cloudy
08-10-2015,12.5,34.2,22.1,19.2,cloudy
09-10-2015,76.4,31.2,27.7,3.3,rainy
10-10-2015,84.8,38.0,22.5,5.6,rainy
11-10-2015,3.8,28.2,28.7,8.3,sunny
12-10-2015,112.3,32.5,21.0,13.2,rainy
13-10-2015,6.2,32.0,21.3,11.8,cloudy
14-10-2015,65.0,28.2,29.8,4.3,rainy
15-10-2015,85.1,29.5,26.7,7.2,rainy
16-10-2015,104.5,33.0,28.5,6.3,rainy
17-10-2015,85.7,33.9,23.2,5.8,rainy
18-10-2015,96.2,32.9,26.8,9.4,rainy
19-10-2015,40.7,34.4,25.9,14.7,rainy
20-10-2015,97.8,35.1,26.0,5.9,rainy
21-10-2015,9.6,28.1,26.8,8.6,cloudy
22-10-2015,107.4,33.6,25.8,9.0,rainy
23-10-2015,65.7,39.6,24.3,19.6,rainy
24-10-2015,98.1,34.2,22.8,19.2,rainy
25-10-2015,54.3,36.1,27.7,16.4,rainy
26-10-2015,77.2,31.7,22.3,6.3,rainy
27-10-2015,63.2,37.3,26.9,3.2,rainy
28-10-2015,87.8,37.3,22.3,7.7,rainy
29-10-2015,9.8,34.3,26.3,6.8,cloudy
30-10-2015,7.2,39.7,27.5,11.1,cloudy
31-10-2015,29.7,29.5,22.2,16.0,cloudy
01-11-2015,19.1,28.2,20.6,17.4,cloudy
02-11-2015,104.6,37.2,21.3,17.2,rainy
03-11-2015,26.3,37.7,26.1,8.5,cloudy
04-11-2015,117.1,29.4,28.5,14.4,rainy
05-11-2015,40.4,31.2,20.4,7.6,rainy
06-11-2015,21.9,28.2,27.3,3.1,cloudy
07-11-2015,94.8,31.5,23.4,14.6,rainy
08-11-2015,79.0,37.3,24.8,2.2,rainy
09-11-2015,59.8,34.2,29.3,9.4,rainy
10-11-2015,66.6,32.2,23.3,7.9,rainy
11-11-2015,86.3,32.5,24.7,14.5,rainy
12-11-2015,27.4,28.0,20.1,15.8,cloudy
13-11-2015,119.6,31.6,20.8,7.5,rainy
14-11-2015,117.0,35.8,22.6,16.6,rainy
15-11-2015,78.0,39.7,20.3,7.3,rainy
16-11-2015,23.9,38.2,26.3,10.0,cloudy
17-11-2015,81.6,28.3,24.3,15.1,rainy
18-11-2015,8.7,38.8,25.5,14.5,cloudy
19-11-2015,3.7,37.4,21.7,19.8,sunny
20-11-2015,30.9,37.4,23.0,6.1,cloudy
21-11-2015,55.5,33.5,26.6,13.9,rainy
22-11-2015,104.2,32.8,29.7,13.0,rainy
23-11-2015,87.3,31.6,20.5,18.5,rainy
24-11-2015,89.1,28.8,28.9,4.8,rainy
25-11-2015,51.1,30.7,25.8,15.5,rainy
26-11-2015,41.5,31.0,25.6,12.2,rainy
27-11-2015,44.5,33.8,25.0,6.9,rainy
28-11-2015,118.5,37.0,20.7,10.5,rainy
29-11-2015,4.8,33.7,20.9,8.0,sunny
30-11-2015,104.0,28.7,26.0,12.4,rainy
01-12-2015,69.4,39.5,23.4,18.0,rainy
02-12-2015,52.6,39.3,29.2,12.2,rainy
03-12-2015,87.0,37.4,24.1,13.4,rainy
04-12-2015,58.4,39.9,21.4,11.3,rainy
05-12-2015,104.8,34.5,27.1,2.9,rainy
06-12-2015,108.1,39.6,22.9,6.2,rainy
07-12-2015,50.6,28.9,25.3,10.9,rainy
08-12-2015,33.2,32.4,27.0,7.6,cloudy
09-12-2015,71.1,30.7,29.0,5.3,rainy
10-12-2015,109.5,30.3,27.9,11.1,rainy
11-12-2015,25.3,29.7,26.8,7.8,cloudy
12-12-2015,74.8,35.5,26.8,6.6,rainy
13-12-2015,75.8,37.4,29.5,10.4,rainy
14-12-2015,88.0,34.9,23.0,4.4,rainy
15-12-2015,15.8,29.8,20.0,18.7,cloudy
16-12-2015,85.9,37.7,22.7,17.6,rainy
17-12-2015,109.1,35.6,22.2,14.7,rainy
18-12-2015,21.6,32.7,26.6,3.9,cloudy
19-12-2015,28.5,36.1,26.3,16.0,cloudy
20-12-2015,116.6,31.1,25.9,16.5,rainy
21-12-2015,21.7,32.1,20.2,15.8,cloudy
22-12-2015,102.5,39.0,27.3,4.1,rainy
23-12-2015,59.1,31.5,23.2,13.6,rainy
24-12-2015,29.7,33.6,26.7,17.0,cloudy
25-12-2015,104.5,38.7,25.6,12.4,rainy
26-12-2015,53.4,36.5,23.4,13.6,rainy
27-12-2015,61.8,28.7,21.3,10.3,rainy
28-12-2015,43.1,29.8,20.9,11.5,rainy
29-12-2015,71.2,28.1,28.3,2.6,rainy
30-12-2015,19.6,35.6,29.2,13.5,cloudy
31-12-2015,46.9,33.4,26.5,3.5,rainy
